,Hashtag,WC,CC,FirstDate,Cluster,WC/CC
6524,flashbackfriday,370,724,Fri Jan  6 15:02:22 2017,3,0.511049723757
7696,wednesdaywisdom,370,630,Wed Jan  4 16:01:35 2017,3,0.587301587302
7514,mondaymotivation,354,628,Mon Jan  2 15:00:46 2017,3,0.563694267516
18583,thursdaythoughts,309,527,Thu Jan  5 15:01:58 2017,3,0.586337760911
4621,tacotuesday,118,476,Tue Jan  3 16:01:11 2017,2,0.247899159664
5775,thisisus,195,456,Tue Jan 10 15:03:58 2017,3,0.427631578947
10362,saturdaynight,151,441,Sat Jan  7 15:02:46 2017,2,0.342403628118
14443,scandal,208,416,Tue Jan 10 15:03:58 2017,3,0.5
10729,fridaynight,149,411,Fri Jan  6 15:02:22 2017,2,0.362530413625
4898,friyay,87,402,Fri Jan  6 15:02:22 2017,2,0.216417910448
3497,musicmonday,102,384,Mon Jan  2 15:00:46 2017,2,0.265625
4132,amjoy,140,375,Sat Dec 31 17:00:00 2016,2,0.373333333333
16669,riverdale,164,353,Sun Jan  8 15:03:10 2017,3,0.464589235127
7197,thebachelor,162,325,Sat Dec 31 17:00:00 2016,3,0.498461538462
3489,flyeaglesfly,160,321,Sat Dec 31 18:00:01 2016,3,0.498442367601
20336,thirstythursday,28,295,Thu Feb 16 15:18:46 2017,2,0.0949152542373
10035,thewalkingdead,152,290,Sun Feb 12 15:17:10 2017,3,0.524137931034
17991,tuesdaythoughts,152,290,Tue Jan  3 16:01:11 2017,3,0.524137931034
3650,greysanatomy,123,285,Thu Jan 26 15:10:22 2017,3,0.431578947368
20708,motivationmonday,79,283,Mon Jan  2 15:00:46 2017,2,0.279151943463
14689,90dayfiance,130,280,Sun Jun 18 19:07:37 2017,3,0.464285714286
19767,svengoolie,151,272,Sat Dec 31 20:00:03 2016,3,0.555147058824
21018,empire,144,271,Wed Jan 11 15:04:22 2017,3,0.531365313653
3908,traveltuesday,42,261,Tue Jan  3 16:01:11 2017,2,0.16091954023
5391,rhobh,121,247,Tue Jan  3 17:01:12 2017,3,0.48987854251
11763,insecurehbo,104,247,Tue Mar 14 15:29:10 2017,3,0.421052631579
20345,rhoc,110,245,Fri Jan 27 15:10:46 2017,3,0.448979591837
12464,saturdaymorning,115,242,Sat Jan  7 15:02:46 2017,3,0.47520661157
15267,usmnt,138,241,Thu Jan  5 15:01:58 2017,3,0.572614107884
17517,thebachelorette,118,234,Tue Feb 14 15:17:58 2017,3,0.504273504274
21121,httr,88,231,Sat Dec 31 17:00:00 2016,2,0.380952380952
6898,morningjoe,112,228,Mon Jan 16 15:06:22 2017,3,0.491228070175
3625,htgawm,119,222,Thu Jan 26 15:10:22 2017,3,0.536036036036
6306,herewego,122,221,Sun Jan  8 15:03:10 2017,3,0.552036199095
4034,impactonpop,98,220,Thu Jan  5 15:01:58 2017,3,0.445454545455
1993,caturday,13,218,Sat Jan 14 16:05:35 2017,2,0.0596330275229
16354,dateline,92,209,Fri Jan 27 15:10:46 2017,3,0.44019138756
817,theflash,104,207,Sun Jan  8 15:03:10 2017,3,0.502415458937
9764,supernatural,103,205,Thu Jan 26 15:10:22 2017,3,0.50243902439
16131,ahscult,110,205,Fri Jul 21 02:20:32 2017,3,0.536585365854
16245,sundaymorning,90,204,Sun Jan  1 08:00:15 2017,3,0.441176470588
4805,newmusicfriday,27,202,Fri Jan  6 15:02:22 2017,2,0.133663366337
1054,rhony,108,200,Wed Apr  5 15:37:58 2017,3,0.54
6527,lhhh,105,197,Mon Jul 17 15:19:09 2017,3,0.532994923858
10273,star,117,197,Wed Jan  4 16:01:35 2017,3,0.593908629442
3755,tuesdaymotivation,85,196,Tue Jan  3 16:01:11 2017,3,0.433673469388
9026,dragonballsuper,89,192,Sat Jan  7 15:02:46 2017,3,0.463541666667
17347,inners,47,183,Mon Jan  9 15:03:34 2017,2,0.256830601093
19837,lhhny,100,179,Mon Jan  2 15:00:46 2017,3,0.558659217877
9394,skol,65,174,Sat Dec 31 18:00:01 2016,2,0.373563218391
3049,twinpeaks,73,173,Mon Jan  9 15:03:34 2017,3,0.421965317919
20302,nbafinals,102,171,Mon May 22 15:56:46 2017,3,0.59649122807
718,wwenxt,60,168,Wed Jan  4 18:01:37 2017,2,0.357142857143
12505,supergirl,73,168,Mon Jan 23 15:09:10 2017,3,0.434523809524
11991,snowday,91,165,Thu Jan  5 15:01:58 2017,3,0.551515151515
9675,criticalrole,65,163,Thu Jan  5 15:01:58 2017,2,0.398773006135
8761,hahn,92,162,Tue Jan  3 16:01:11 2017,3,0.567901234568
11797,patriots,76,156,Sat Dec 31 17:00:00 2016,3,0.487179487179
14896,blackinkcrew,72,156,Mon Jan 16 15:06:22 2017,3,0.461538461538
13768,gopackgo,64,154,Sat Dec 31 17:00:00 2016,3,0.415584415584
20671,pumprules,60,151,Mon Jan  2 15:00:46 2017,2,0.397350993377
16678,toonami,88,150,Sun Jan  8 15:03:10 2017,3,0.586666666667
17655,gotham,55,149,Mon Jan 16 15:06:22 2017,2,0.369127516779
8603,205live,51,149,Wed Jan  4 16:01:35 2017,2,0.342281879195
582,winewednesday,5,148,Wed Jan  4 16:01:35 2017,2,0.0337837837838
14947,powerstarz,63,148,Sun Jul  2 15:13:09 2017,3,0.425675675676
18068,the100,79,148,Wed Feb  1 15:12:46 2017,3,0.533783783784
12766,agentsofshield,86,148,Tue Jan 10 15:03:58 2017,3,0.581081081081
18211,beingmaryjane,84,146,Tue Jan 10 15:03:58 2017,3,0.575342465753
7449,thefive,66,143,Mon Jan  2 19:00:50 2017,3,0.461538461538
20128,southerncharm,49,143,Mon Apr  3 15:37:10 2017,2,0.342657342657
8538,texans,58,142,Wed Mar  8 17:26:48 2017,3,0.408450704225
368,arrow,55,142,Wed Jan 25 15:09:58 2017,2,0.387323943662
1356,ghostadventures,44,140,Sat Mar 25 15:33:34 2017,2,0.314285714286
91,fighton,66,137,Mon Jan  2 15:00:46 2017,3,0.481751824818
668,dragrace,65,137,Thu Feb  2 15:13:10 2017,3,0.474452554745
19202,greenleaf,81,136,Wed Mar 15 16:29:35 2017,3,0.595588235294
20822,flythew,69,136,Tue Apr 11 15:40:22 2017,3,0.507352941176
13823,survivor,54,135,Wed Feb  8 16:15:35 2017,3,0.4
17045,earthquake,74,134,Wed Jan 18 15:07:10 2017,3,0.55223880597
18100,seahawks,55,134,Fri Apr 28 15:47:10 2017,3,0.410447761194
4812,ayto,50,132,Wed Jan 11 15:04:22 2017,2,0.378787878788
15120,teenwolf,57,130,Tue Jan  3 17:01:12 2017,3,0.438461538462
17788,basketballwives,74,129,Mon Apr 10 18:40:01 2017,3,0.573643410853
14019,letsgopens,48,129,Sun Jan  8 15:03:10 2017,2,0.372093023256
17005,bachelorinparadise,59,128,Tue Jun  6 15:02:45 2017,3,0.4609375
13794,tgit,75,126,Mon Jan  9 15:03:34 2017,3,0.595238095238
15868,keeppounding,60,126,Wed Aug  9 16:28:22 2017,3,0.47619047619
18502,mostrequestedlive,38,126,Sat Jan  7 15:02:46 2017,2,0.301587301587
11902,kuwtk,33,125,Sun Mar 12 15:28:22 2017,2,0.264
9043,browns,51,123,Fri Apr 28 15:47:10 2017,3,0.414634146341
1067,teenmom2,38,123,Mon Jan  2 15:00:46 2017,2,0.308943089431
4695,cttraffic,49,123,Tue Jan 31 15:12:22 2017,2,0.39837398374
10522,transformationtuesday,5,122,Tue Feb 28 15:23:34 2017,2,0.0409836065574
19588,rolltide,71,119,Sat Dec 31 17:00:00 2016,3,0.596638655462
1465,fridaynightlights,45,117,Fri Aug 25 15:34:45 2017,2,0.384615384615
8282,legendsoftomorrow,48,115,Tue Jan 24 15:09:34 2017,3,0.417391304348
16369,hardball,26,115,Mon Jan  2 21:00:52 2017,2,0.226086956522
15059,maddow,29,115,Mon Jan  2 15:00:46 2017,2,0.252173913043
11204,projectrunway,45,113,Thu Aug 17 15:31:33 2017,2,0.398230088496
11379,thechallengexxx,42,112,Mon Jun 12 17:05:11 2017,2,0.375
11536,tytlive,47,112,Mon Jan  9 21:03:40 2017,3,0.419642857143
15164,wynonnaearp,58,109,Sat Apr  1 15:36:22 2017,3,0.532110091743
10745,realtime,31,109,Fri Jan 20 15:07:58 2017,2,0.284403669725
1447,safarilive,59,109,Sat Dec 31 22:00:05 2016,3,0.54128440367
14899,bgc17,50,108,Wed Feb  8 17:15:36 2017,3,0.462962962963
15401,whodat,25,107,Tue Apr 25 15:45:58 2017,2,0.233644859813
9507,bears,47,107,Sat Apr 29 15:47:34 2017,3,0.439252336449
13609,rctid,40,107,Mon Mar 13 15:28:46 2017,2,0.373831775701
7840,doctorwho,47,106,Mon Jan 30 15:11:58 2017,3,0.443396226415
21049,onceuponatime,42,105,Sun Mar  5 15:25:34 2017,3,0.4
6843,lucifer,42,104,Mon Jan 16 15:06:22 2017,3,0.403846153846
11545,thevoice,52,102,Mon Apr 17 16:42:47 2017,3,0.509803921569
2551,smackdownlive,10,102,Tue Jan  3 16:01:11 2017,2,0.0980392156863
14892,prisonbreak,54,102,Wed Jan 11 15:04:22 2017,3,0.529411764706
11214,nashvillecmt,40,102,Thu Jan  5 15:01:58 2017,2,0.392156862745
17803,usoc2017,36,99,Wed Apr 12 15:40:46 2017,2,0.363636363636
2100,maeyoungclassic,38,97,Fri Jun 30 16:12:22 2017,2,0.39175257732
2255,blackinkchi,42,97,Wed Jul 19 22:20:04 2017,3,0.432989690722
12888,ncaatournament,55,97,Sun Mar 12 15:28:22 2017,3,0.567010309278
2239,destiny2,51,97,Mon Mar 27 16:34:23 2017,3,0.525773195876
15400,catfish,31,95,Wed Mar  1 15:23:58 2017,2,0.326315789474
7595,taxreform,46,94,Wed Apr 26 15:46:22 2017,3,0.489361702128
9106,clawstnt,34,94,Thu May 25 15:57:58 2017,2,0.36170212766
21118,fallontonight,31,94,Tue Jan 10 15:03:58 2017,2,0.329787234043
3351,chicagopd,40,93,Wed Jan  4 17:01:36 2017,3,0.430107526882
18430,pllendgame,51,93,Tue Jan 10 15:03:58 2017,3,0.548387096774
1706,batesmotel,44,93,Mon Feb 20 16:20:23 2017,3,0.47311827957
10393,belowdeckmed,27,93,Tue May  2 15:48:46 2017,2,0.290322580645
2619,thechallengeinvasion,35,93,Wed Feb  8 16:15:35 2017,2,0.376344086022
12778,sytycd,23,92,Mon Jan 30 18:12:01 2017,2,0.25
13175,onepride,36,91,Sat Dec 31 17:00:00 2016,2,0.395604395604
13863,biglittlelies,40,90,Sat Jan 14 18:05:37 2017,3,0.444444444444
16126,married2med,44,90,Fri Jan  6 17:02:24 2017,3,0.488888888889
17113,alsen,36,89,Mon May 15 17:54:00 2017,3,0.404494382022
2278,itmovie,52,88,Wed Mar 29 15:35:10 2017,3,0.590909090909
7524,pressbriefing,45,88,Mon Jan 23 15:09:10 2017,3,0.511363636364
8909,bmoviemaniacs,50,88,Sat Jan  7 02:02:33 2017,3,0.568181818182
14749,13reasonswhy,48,87,Wed Jan 25 15:09:58 2017,3,0.551724137931
4607,outlander,21,86,Wed Feb 15 15:18:22 2017,2,0.244186046512
7453,chicagofire,30,86,Tue Jan 17 15:06:46 2017,2,0.348837209302
5757,antifa,51,86,Sat Aug 12 15:29:33 2017,3,0.593023255814
9473,49ers,30,86,Sat Dec 31 20:00:03 2016,2,0.348837209302
13658,hearties,47,86,Sun Feb 19 15:19:58 2017,3,0.546511627907
1063,rhonj,38,85,Tue Aug 22 15:33:33 2017,3,0.447058823529
9276,chiefs,36,85,Thu Apr 27 16:46:47 2017,3,0.423529411765
3584,powertv,31,84,Sun Jul  2 15:13:09 2017,2,0.369047619048
14753,scotus,47,84,Tue Jan 31 15:12:22 2017,3,0.559523809524
9399,timeless,42,84,Mon Jan 16 15:06:22 2017,3,0.5
17836,cashappfriday,25,84,Fri Jun  9 15:03:57 2017,2,0.297619047619
21230,coys,33,84,Sat Dec 31 17:00:00 2016,2,0.392857142857
12979,justiceleague,37,83,Sun Jan  8 15:03:10 2017,3,0.44578313253
2268,animalkingdom,21,83,Tue May 30 16:59:59 2017,2,0.253012048193
11357,feartwd,47,83,Sun Jun  4 15:01:57 2017,3,0.566265060241
5368,summerslam,40,82,Mon Jun 19 15:07:57 2017,3,0.487804878049
8150,grimm,37,82,Fri Jan  6 15:02:22 2017,3,0.451219512195
5472,masterchef,35,82,Sun Apr 16 15:42:22 2017,3,0.426829268293
12439,mondaymotivaton,27,82,Mon May 15 16:53:59 2017,2,0.329268292683
5257,talkingsmack,26,82,Wed Jan  4 00:01:19 2017,2,0.317073170732
17024,designatedsurvivor,25,81,Wed Mar  8 17:26:48 2017,2,0.308641975309
18885,iflovingyouiswrong,35,81,Tue Mar 21 15:31:58 2017,3,0.432098765432
7133,blacklivesmatter,44,81,Fri Jun 16 15:06:45 2017,3,0.543209876543
20577,therapgame,37,80,Fri Jan 13 17:05:12 2017,3,0.4625
5905,broncos,34,80,Thu Aug 10 15:28:45 2017,3,0.425
15763,rhop,31,79,Tue Feb 21 16:20:47 2017,2,0.392405063291
6441,littlewomenatl,21,79,Wed Jan  4 18:01:37 2017,2,0.26582278481
9175,pride2017,44,79,Fri Jun  2 15:01:09 2017,3,0.556962025316
14052,bettercallsaul,43,79,Wed Jan 11 15:04:22 2017,3,0.544303797468
17629,gameofthones,31,79,Sun Jul 16 15:18:45 2017,2,0.392405063291
17876,colony,38,78,Thu Jan 19 16:07:35 2017,3,0.487179487179
11888,whatilearnedtoday,35,78,Tue Jan  3 18:01:13 2017,3,0.448717948718
14566,pugchat,32,77,Wed Jan  4 17:01:36 2017,3,0.415584415584
11811,blackish,31,77,Wed Jan  4 19:01:38 2017,3,0.402597402597
17676,dbzkai,45,77,Sat Dec 31 22:00:05 2016,3,0.584415584416
2023,jets,29,77,Tue Jun  6 15:02:45 2017,2,0.376623376623
17807,americangods,33,77,Thu Feb 23 16:21:35 2017,3,0.428571428571
19519,survivorgamechangers,45,76,Wed Mar  8 17:26:48 2017,3,0.592105263158
10391,gobills,27,75,Sun Sep 10 15:41:09 2017,2,0.36
11909,defendtheland,37,75,Mon Jan  2 15:00:46 2017,3,0.493333333333
15344,missuniverse,44,75,Thu Jan 26 15:10:22 2017,3,0.586666666667
14157,travelban,33,75,Sun Jan 29 15:11:34 2017,3,0.44
9133,sleepyhollow,39,75,Fri Jan  6 15:02:22 2017,3,0.52
11997,tucker,19,74,Mon Jan  2 15:00:46 2017,2,0.256756756757
14450,saveaca,44,74,Thu Jan 12 16:04:47 2017,3,0.594594594595
19516,bills,31,74,Thu Apr 27 16:46:47 2017,3,0.418918918919
7758,royalrumble,41,73,Mon Jan 23 15:09:10 2017,3,0.561643835616
5405,americanninjawarrior,15,73,Mon Feb 20 17:20:24 2017,2,0.205479452055
430,chiefskingdom,35,73,Sat Dec 31 17:00:00 2016,3,0.479452054795
14863,luchaunderground,28,72,Wed Jan  4 16:01:35 2017,2,0.388888888889
12890,shotsfired,32,72,Wed Jan 11 15:04:22 2017,3,0.444444444444
10276,nycc,40,72,Fri Mar 17 15:30:22 2017,3,0.555555555556
20913,rhod,35,71,Mon Jun 19 15:07:57 2017,3,0.492957746479
1523,daylightsavings,40,71,Fri Mar 10 16:27:35 2017,3,0.56338028169
10905,sharktank,32,70,Fri Jan  6 15:02:22 2017,3,0.457142857143
13933,uswnt,27,70,Wed Jan  4 20:01:39 2017,2,0.385714285714
4844,godawgs,32,70,Sat Sep  2 15:37:57 2017,3,0.457142857143
2280,lastword,9,70,Mon Jan  9 15:03:34 2017,2,0.128571428571
18395,onwisconsin,28,70,Sat Jan 28 15:11:10 2017,3,0.4
14963,lethalweapon,24,70,Wed Jan  4 17:01:36 2017,2,0.342857142857
2323,totaldivas,25,70,Wed Jan  4 16:01:35 2017,2,0.357142857143
8461,samuraijack,30,69,Sat Jan 21 23:08:30 2017,3,0.434782608696
3430,thebachlorette,33,69,Mon May 22 15:56:46 2017,3,0.478260869565
6387,game7,40,69,Wed May 10 15:51:58 2017,3,0.579710144928
3567,thefosters,26,69,Tue Jan 10 15:03:58 2017,2,0.376811594203
18796,goblue,32,69,Sun Mar 12 15:28:22 2017,3,0.463768115942
8577,dearwhitepeople,29,68,Mon Mar 13 15:28:46 2017,3,0.426470588235
20361,jaguars,17,68,Sun Sep 10 15:41:09 2017,2,0.25
9872,brunch,25,68,Sun Jan 15 15:05:58 2017,2,0.367647058824
18542,berkeley,22,67,Sat Mar  4 16:25:11 2017,2,0.328358208955
17767,mayweathermcgregor,40,67,Wed Jun 14 16:05:58 2017,3,0.597014925373
18830,goheels,24,67,Sun Jan  8 15:03:10 2017,2,0.358208955224
7155,bluebloods,27,67,Fri Jan  6 15:02:22 2017,3,0.402985074627
8818,theleftovers,27,67,Tue Jan 24 15:09:34 2017,3,0.402985074627
12237,gopats,36,66,Wed Sep  6 15:39:33 2017,3,0.545454545455
3597,txhsfb,21,66,Fri Sep  1 15:37:33 2017,2,0.318181818182
12260,atlutd,28,66,Sat Feb 11 15:16:46 2017,3,0.424242424242
9288,trumpbudget,31,66,Thu Mar 16 01:29:44 2017,3,0.469696969697
17312,packers,20,66,Thu Apr 27 16:46:47 2017,2,0.30303030303
11481,voicebattles,33,66,Mon Mar 20 15:31:34 2017,3,0.5
11070,abc2020,21,66,Fri Jan  6 15:02:22 2017,2,0.318181818182
10945,belowdeck,15,65,Tue Sep  5 15:39:09 2017,2,0.230769230769
20689,ax2017,18,65,Sat Jul  1 15:12:45 2017,2,0.276923076923
1370,jeopardy,26,65,Mon Feb 20 19:20:26 2017,3,0.4
673,pokemongo,35,65,Thu Feb 16 15:18:46 2017,3,0.538461538462
20634,shadesofblue,34,65,Wed Jan 18 15:07:10 2017,3,0.523076923077
11298,halamadrid,18,65,Wed Jan  4 18:01:37 2017,2,0.276923076923
14900,thunderup,24,64,Thu Feb  9 15:15:58 2017,2,0.375
5281,trumprally,34,64,Sat Feb 18 15:19:34 2017,3,0.53125
5949,pac12afterdark,35,63,Sun Sep 10 15:41:09 2017,3,0.555555555556
4918,thegifted,22,63,Tue May  9 19:51:38 2017,2,0.349206349206
10856,bringit,21,63,Fri Jan 13 19:05:14 2017,2,0.333333333333
2384,cue17,34,63,Wed Mar 15 16:29:35 2017,3,0.539682539683
19824,wweraw,2,63,Tue Jan 24 15:09:34 2017,2,0.031746031746
16495,codwwii,22,63,Fri Apr 21 15:44:22 2017,2,0.349206349206
11474,moviefightslive,30,63,Fri Jan  6 15:02:22 2017,3,0.47619047619
5819,iahsfb,32,62,Fri Aug 18 15:31:57 2017,3,0.516129032258
12844,houseofcards,32,62,Fri Jan 20 15:07:58 2017,3,0.516129032258
20754,blackpanther,29,62,Thu Jan  5 15:01:58 2017,3,0.467741935484
4743,colts,21,61,Sat Dec 31 21:00:04 2016,2,0.344262295082
17822,titanup,17,61,Sun Sep 10 15:41:09 2017,2,0.27868852459
8429,theorville,22,61,Mon May 15 19:54:02 2017,2,0.360655737705
15467,billions,20,61,Mon Jan  9 15:03:34 2017,2,0.327868852459
4008,skimmlife,14,61,Tue Jan 17 15:06:46 2017,2,0.229508196721
3797,theblacklist,17,61,Thu Jan  5 15:01:58 2017,2,0.27868852459
13387,roadtoomaha,20,61,Sun May 28 15:59:10 2017,2,0.327868852459
6873,fargo,16,61,Thu Jan 12 16:04:47 2017,2,0.262295081967
20881,startrekdiscovery,23,61,Wed Jan 18 15:07:10 2017,2,0.377049180328
16748,my600lblife,22,61,Wed Jan  4 16:01:35 2017,2,0.360655737705
447,survivorseries,30,61,Mon Oct 23 15:58:21 2017,3,0.491803278689
13705,intothebadlands,34,61,Sat Mar 18 15:30:46 2017,3,0.55737704918
11618,willandgrace,26,60,Wed Jan 18 15:07:10 2017,3,0.433333333333
16683,rickandmorty,32,60,Sat Apr  1 15:36:22 2017,3,0.533333333333
1514,nascar,22,60,Sun Feb 19 15:19:58 2017,2,0.366666666667
20650,dancemoms,8,60,Tue Jan  3 21:01:16 2017,2,0.133333333333
15841,chargers,25,60,Wed Jan 11 15:04:22 2017,3,0.416666666667
15631,cpac2017,30,60,Mon Feb 20 16:20:23 2017,3,0.5
494,blindspot,18,59,Wed Jan  4 16:01:35 2017,2,0.305084745763
14927,24legacy,19,59,Wed Jan 11 15:04:22 2017,2,0.322033898305
20061,eagles,27,59,Sun Apr 30 15:47:58 2017,3,0.457627118644
2058,antm,22,59,Mon Jan  2 15:00:46 2017,2,0.372881355932
11812,finsup,23,59,Sun Jan  8 15:03:10 2017,2,0.389830508475
16463,buckeyes,29,58,Sat Apr 15 15:41:58 2017,3,0.5
15601,maymacworldtour,29,58,Tue Jul 11 15:16:45 2017,3,0.5
523,blackhawks,21,58,Sun Feb 19 15:19:58 2017,2,0.362068965517
11266,nationaldogday,29,58,Thu Mar 23 15:32:46 2017,3,0.5
14722,lakeshow,22,58,Thu Jun 22 15:09:09 2017,2,0.379310344828
19813,theprofit,15,58,Mon Apr 10 23:40:06 2017,2,0.258620689655
10290,essencefest,23,58,Fri Jun 30 16:12:22 2017,2,0.396551724138
8199,theoriginals,18,58,Sun Jan  8 15:03:10 2017,2,0.310344827586
6612,guardiansofthegalaxyvol2,26,57,Sun Feb  5 21:14:28 2017,3,0.456140350877
16157,bbcan5,27,57,Wed Mar 15 16:29:35 2017,3,0.473684210526
20770,healthcarebill,22,57,Thu May  4 15:49:34 2017,2,0.385964912281
13039,guhhatl,23,57,Thu May 25 15:57:58 2017,3,0.40350877193
17761,votejt,18,57,Sun Jul  2 22:13:16 2017,2,0.315789473684
19226,janethevirgin,16,57,Sun Jan  8 15:03:10 2017,2,0.280701754386
6434,grateful,24,57,Thu Jun 22 15:09:09 2017,3,0.421052631579
17849,jordanedwards,25,56,Sun Apr 30 23:48:06 2017,3,0.446428571429
3460,thebeat,18,56,Mon Jul 24 15:21:57 2017,2,0.321428571429
2549,vikings,18,56,Thu Apr 20 15:43:58 2017,2,0.321428571429
5056,medicareforall,24,56,Fri Mar 24 15:33:10 2017,3,0.428571428571
5551,hookem,27,56,Sat Sep  2 15:37:57 2017,3,0.482142857143
18270,roymoore,33,56,Wed Sep 27 15:47:57 2017,3,0.589285714286
21244,boyband,24,56,Thu Jun 22 15:09:09 2017,3,0.428571428571
17246,vmas,30,56,Tue Jul 25 16:22:22 2017,3,0.535714285714
295,masterofnone,19,55,Wed Apr  5 15:37:58 2017,2,0.345454545455
1457,scientologytheaftermath,12,55,Tue Jan  3 16:01:11 2017,2,0.218181818182
3565,gokingsgo,12,55,Sat Dec 31 19:00:02 2016,2,0.218181818182
15310,criminalminds,21,55,Wed Jan  4 20:01:39 2017,2,0.381818181818
9491,midnighttexas,25,55,Mon Mar 20 17:31:36 2017,3,0.454545454545
16002,ncbd,5,55,Wed Jan  4 16:01:35 2017,2,0.0909090909091
15652,lolla,28,54,Tue Mar 21 15:31:58 2017,3,0.518518518519
18377,alcs,32,54,Thu Oct 12 15:53:57 2017,3,0.592592592593
4891,crisisonearthx,32,54,Fri Nov 17 23:08:28 2017,3,0.592592592593
4013,dresslikeawoman,30,54,Thu Feb  2 23:13:18 2017,3,0.555555555556
806,homeland,13,54,Sun Jan 15 15:05:58 2017,2,0.240740740741
12412,youngertv,17,54,Wed Jun 28 15:11:33 2017,2,0.314814814815
8326,amas,30,53,Thu Oct 12 15:53:57 2017,3,0.566037735849
4524,collegegameday,8,53,Sat Jan 28 15:11:10 2017,2,0.150943396226
5063,vmworld,25,53,Mon Aug 28 15:35:57 2017,3,0.471698113208
1035,cowboysnation,21,52,Tue Apr  4 15:37:34 2017,3,0.403846153846
12279,stellablizzard,28,52,Mon Mar 13 15:28:46 2017,3,0.538461538462
10224,gencon50,23,52,Thu Aug 17 15:31:33 2017,3,0.442307692308
15411,theboldtype,8,52,Tue Jun 20 20:08:26 2017,2,0.153846153846
18500,wondercon,24,52,Fri Mar 31 15:35:58 2017,3,0.461538461538
9539,fixerupper,10,52,Tue Jan  3 16:01:11 2017,2,0.192307692308
13501,worldjuniors,28,51,Wed Jan  4 16:01:35 2017,3,0.549019607843
470,c2e2,27,51,Fri Apr 21 15:44:22 2017,3,0.529411764706
17824,adweekchat,22,51,Wed Jan  4 18:01:37 2017,3,0.43137254902
17727,spacex,20,51,Sat Jan 14 16:05:35 2017,2,0.392156862745
3021,mayweathervmcgregor,26,51,Fri Aug 25 15:34:45 2017,3,0.509803921569
127,canadaday,26,50,Sat Jul  1 15:12:45 2017,3,0.52
4361,iufb,25,50,Thu Apr 13 15:41:10 2017,3,0.5
12001,googledoodle,16,50,Thu Feb 23 00:21:19 2017,2,0.32
3236,marriedatfirstsight,15,50,Thu Apr 20 15:43:58 2017,2,0.3
7255,engagechat,17,50,Sat Jan  7 00:02:31 2017,2,0.34
5489,larain,23,49,Thu Jan  5 15:01:58 2017,3,0.469387755102
1686,firstdayofschool,15,49,Thu Aug 10 15:28:45 2017,2,0.30612244898
9316,awp17,23,49,Thu Feb  9 15:15:58 2017,3,0.469387755102
978,ufc214,27,49,Wed May 24 16:57:35 2017,3,0.551020408163
14989,60minutes,9,49,Sun Jan  1 13:00:20 2017,2,0.183673469388
14591,wsplayoffprops,21,49,Sat Jan  7 15:02:46 2017,3,0.428571428571
2929,fixmylife,20,49,Sat Apr 15 15:41:58 2017,3,0.408163265306
6665,teenmomog,17,49,Mon Apr 17 16:42:47 2017,2,0.34693877551
10623,nhlallstar,26,49,Tue Jan 10 15:03:58 2017,3,0.530612244898
4081,nerevs,12,48,Fri Jan 13 16:05:11 2017,2,0.25
16846,cfbplayoff,24,48,Sat Dec 31 17:00:00 2016,3,0.5
16668,windians,19,48,Tue Apr 11 15:40:22 2017,2,0.395833333333
1545,sgdq2017,7,48,Sun Jul  2 15:13:09 2017,2,0.145833333333
4010,chicagomed,15,48,Thu Jan  5 15:01:58 2017,2,0.3125
17700,dreamact,28,48,Thu Jul 20 15:20:21 2017,3,0.583333333333
20431,nascarplayoffs,13,48,Sat Sep  9 15:40:45 2017,2,0.270833333333
14216,marchforlife,28,48,Thu Jan 26 15:10:22 2017,3,0.583333333333
18909,sorrynotsorry,28,48,Mon Jul 10 16:16:22 2017,3,0.583333333333
18528,taxscambill,27,48,Fri Dec  1 15:13:56 2017,3,0.5625
3182,parentchallenge,20,48,Fri Jan  6 19:02:26 2017,3,0.416666666667
14424,corkerkickback,28,48,Sun Dec 17 16:20:21 2017,3,0.583333333333
19612,thegooddoctor,20,48,Thu May 11 23:52:30 2017,3,0.416666666667
8437,culture,25,47,Thu Jan 26 15:10:22 2017,3,0.531914893617
20624,cubs,25,47,Sun Apr  2 15:36:46 2017,3,0.531914893617
8191,obamafarewell,27,47,Sat Jan  7 15:02:46 2017,3,0.574468085106
3312,melodrama,18,47,Thu Jun 15 15:06:21 2017,2,0.382978723404
9032,suits,12,47,Wed Jan 25 15:09:58 2017,2,0.255319148936
20672,opreps,16,47,Wed Feb 15 15:18:22 2017,2,0.340425531915
17454,firebannon,27,47,Fri Apr  7 15:38:46 2017,3,0.574468085106
19531,wcws,20,47,Sun May 28 15:59:10 2017,3,0.425531914894
17665,whathappened,16,47,Wed Aug 23 17:33:59 2017,2,0.340425531915
17165,firehannity,26,47,Thu Aug  3 15:25:57 2017,3,0.553191489362
1379,orovilledam,21,47,Sun Feb 12 15:17:10 2017,3,0.446808510638
1931,macgyver,18,47,Fri Jan  6 15:02:22 2017,2,0.382978723404
10576,kennekajenkins,19,46,Mon Sep 11 15:41:33 2017,3,0.413043478261
20047,mitb,26,46,Tue May 23 15:57:10 2017,3,0.565217391304
3131,snowfallfx,23,46,Wed Jul  5 15:14:21 2017,3,0.5
9002,paxwest2017,14,46,Fri Sep  1 15:37:33 2017,2,0.304347826087
13906,gators,21,46,Mon Jan  2 15:00:46 2017,3,0.45652173913
9816,sense8,19,46,Mon Apr 10 16:39:59 2017,3,0.413043478261
15228,pridemonth,18,46,Thu Jun  1 15:00:45 2017,2,0.391304347826
2178,thequadbet,24,46,Wed Feb  1 15:12:46 2017,3,0.521739130435
9588,redsox,26,46,Mon Apr  3 15:37:10 2017,3,0.565217391304
16224,goducks,19,46,Sun Mar 19 15:31:10 2017,3,0.413043478261
1441,rosewood,20,45,Fri Jan  6 15:02:22 2017,3,0.444444444444
10951,nbafreeagency,11,45,Fri Jun 30 17:12:23 2017,2,0.244444444444
5585,siestakey,16,45,Mon Jul 31 16:24:46 2017,2,0.355555555556
18352,astros,24,45,Mon Apr  3 15:37:10 2017,3,0.533333333333
2546,talesonbet,25,45,Tue Jun 27 15:11:09 2017,3,0.555555555556
15543,gohawks,13,45,Sat Dec 31 17:00:00 2016,2,0.288888888889
8787,latunafire,12,45,Fri Sep  1 19:37:37 2017,2,0.266666666667
8788,inkmaster,19,45,Tue Jun  6 15:02:45 2017,3,0.422222222222
14082,orphanblack,14,45,Fri Mar 24 15:33:10 2017,2,0.311111111111
1187,wafbscores,16,45,Fri Sep  1 15:37:33 2017,2,0.355555555556
12556,rainbow,15,45,Sat Feb 18 15:19:34 2017,2,0.333333333333
13775,hannity,15,45,Tue Jan  3 17:01:12 2017,2,0.333333333333
10213,signed,21,45,Wed Jul 26 15:22:45 2017,3,0.466666666667
2249,giantspride,11,45,Fri Aug 11 15:29:09 2017,2,0.244444444444
5187,preacher,5,44,Fri Mar 10 16:27:35 2017,2,0.113636363636
1454,ravensflock,7,44,Thu Aug 10 15:28:45 2017,2,0.159090909091
510,nashvillestatement,26,44,Tue Aug 29 15:36:21 2017,3,0.590909090909
19457,bbwla,15,44,Mon Apr 10 22:40:05 2017,2,0.340909090909
9456,celtics,16,44,Wed May  3 15:49:10 2017,2,0.363636363636
8567,californiawildfires,19,44,Tue Oct 10 15:53:09 2017,3,0.431818181818
20589,littlewomenla,10,44,Tue Apr  4 23:37:42 2017,2,0.227272727273
20401,ldsconf,24,44,Sat Mar 25 15:33:34 2017,3,0.545454545455
20796,hndrxx,26,44,Wed Feb 22 03:20:58 2017,3,0.590909090909
5699,infinitywar,22,43,Sat Jul 15 15:18:21 2017,3,0.511627906977
10949,mrrobot,20,43,Fri Mar 10 17:27:36 2017,3,0.46511627907
2873,boycottstarbucks,25,43,Mon Jan 30 15:11:58 2017,3,0.581395348837
9862,dragcon,12,43,Sat Apr 29 15:47:34 2017,2,0.279069767442
16298,hurricaneirmaaftermath,16,43,Tue Sep 12 15:41:57 2017,2,0.372093023256
5476,legionfx,21,43,Wed Feb  8 16:15:35 2017,3,0.488372093023
14225,voiceblinds,20,43,Thu Mar  2 15:24:22 2017,3,0.46511627907
5145,aurora,15,43,Sat May 27 15:58:46 2017,2,0.348837209302
8528,kctraffic,13,43,Mon Jan  2 15:00:46 2017,2,0.302325581395
4915,indycar,16,43,Sun Mar 12 15:28:22 2017,2,0.372093023256
9684,foodiechats,18,43,Mon Jan 23 15:09:10 2017,3,0.418604651163
3528,prayfortexas,23,43,Fri Aug 25 15:34:45 2017,3,0.53488372093
5981,bostoncalling,6,43,Fri May 26 16:58:23 2017,2,0.139534883721
19725,nabj17,23,43,Thu May 25 15:57:58 2017,3,0.53488372093
11668,snowstorm,23,42,Wed Feb  8 16:15:35 2017,3,0.547619047619
17335,istandwithpp,13,42,Thu Jan  5 15:01:58 2017,2,0.309523809524
6555,redskins,12,42,Thu Apr 27 16:46:47 2017,2,0.285714285714
19720,fentybeauty,19,42,Wed May 31 18:00:24 2017,3,0.452380952381
3035,themagicians,6,42,Wed Jan 25 15:09:58 2017,2,0.142857142857
18382,wwehof,16,42,Mon Jan 16 15:06:22 2017,2,0.380952380952
18953,wbc2017,25,42,Wed Feb  8 21:15:40 2017,3,0.595238095238
4697,sherlock,17,42,Sat Dec 31 17:00:00 2016,3,0.404761904762
6534,tiff17,20,42,Tue Jul 25 15:22:21 2017,3,0.47619047619
2016,shahs,5,42,Sun Jul  9 22:16:04 2017,2,0.119047619048
9991,voicefinale,25,42,Mon May 22 15:56:46 2017,3,0.595238095238
5613,fridayreads,4,42,Fri Jan  6 15:02:22 2017,2,0.0952380952381
18704,gots7,21,41,Thu Mar  9 00:26:55 2017,3,0.512195121951
18800,kufball,15,41,Mon Jul 17 15:19:09 2017,2,0.365853658537
7761,trusttheprocess,12,41,Sat Jun 17 15:07:09 2017,2,0.292682926829
18129,hurricaneimra,22,41,Sun Sep 10 15:41:09 2017,3,0.536585365854
14442,finewomenfriday,1,41,Fri Jan  6 15:02:22 2017,2,0.0243902439024
9098,hailstate,24,41,Sun Apr  2 15:36:46 2017,3,0.585365853659
11239,prayfortheworld,5,41,Sat Jun  3 22:01:40 2017,2,0.121951219512
4365,hof2017,15,41,Wed Jan 18 15:07:10 2017,2,0.365853658537
13800,izombie,10,41,Sun Jan  8 15:03:10 2017,2,0.243902439024
2574,queenofthesouth,20,41,Thu Jun  8 15:03:33 2017,3,0.487804878049
12953,mondaynightfootball,12,41,Mon Sep 11 15:41:33 2017,2,0.292682926829
13597,thankyouobama,24,41,Thu Jan 19 16:07:35 2017,3,0.585365853659
13130,choicemalewebstar,19,41,Thu Jul 13 15:17:33 2017,3,0.463414634146
7134,d3fb,12,41,Sat Sep  2 15:37:57 2017,2,0.292682926829
20417,extremerules,19,41,Mon May 15 18:54:01 2017,3,0.463414634146
18101,brooklyn99,9,40,Sat Dec 31 23:00:06 2016,2,0.225
10404,gobucks,18,40,Sun Oct 29 15:00:44 2017,3,0.45
84,pgachamp,12,40,Mon Aug  7 15:27:33 2017,2,0.3
14475,freedom,6,40,Mon May 29 15:59:34 2017,2,0.15
12793,thickgirltwitter,14,40,Fri May 26 22:58:29 2017,2,0.35
4532,anaheimducksgoooaaalll,7,40,Thu Jan  5 02:01:45 2017,2,0.175
11734,amazingrace,16,40,Thu Mar 30 15:35:34 2017,2,0.4
2076,theexpanse,13,40,Wed Feb  1 15:12:46 2017,2,0.325
19880,unsung,13,40,Wed Jan  4 22:01:41 2017,2,0.325
19675,blackhairchallenge,15,39,Fri May 26 17:58:24 2017,2,0.384615384615
18685,pplsummit,19,39,Fri Jun  9 15:03:57 2017,3,0.487179487179
12146,ncaatf,5,39,Fri Mar 10 16:27:35 2017,2,0.128205128205
18580,chainedtotherhythm,15,39,Tue Feb  7 15:15:10 2017,2,0.384615384615
5349,scaredfamous,12,39,Mon Oct 23 15:58:21 2017,2,0.307692307692
10416,sanctuarycities,12,39,Wed Jan 25 15:09:58 2017,2,0.307692307692
5430,thorragnarok,15,39,Tue Feb 14 15:17:58 2017,2,0.384615384615
10888,mubb,9,39,Sun Jan  1 05:00:12 2017,2,0.230769230769
21032,desixkaty,15,39,Sun Jul 23 23:21:41 2017,2,0.384615384615
9249,alfranken,22,39,Thu Nov 16 16:07:57 2017,3,0.564102564103
3362,unitetheright,22,39,Fri Aug 11 15:29:09 2017,3,0.564102564103
11939,defenddreamers,15,39,Mon Sep  4 15:38:45 2017,2,0.384615384615
7479,jojosbizarreadventure,21,39,Sun Jan  8 15:03:10 2017,3,0.538461538462
18356,gutfeld,12,39,Sun Jan 22 01:08:32 2017,2,0.307692307692
1757,tuesdayselfie,7,39,Tue Mar 14 15:29:10 2017,2,0.179487179487
2048,actuallivingscientist,12,39,Fri Feb  3 15:13:34 2017,2,0.307692307692
8807,specialreport,11,39,Mon Jan  9 15:03:34 2017,2,0.282051282051
8799,mtpdaily,8,39,Thu Jan  5 15:01:58 2017,2,0.205128205128
21226,phish,6,38,Tue Jan 31 15:12:22 2017,2,0.157894736842
16670,wildnout,19,38,Thu Mar  2 15:24:22 2017,3,0.5
12600,nbaontnt,7,38,Thu Jan  5 15:01:58 2017,2,0.184210526316
4207,witness,16,38,Mon May 15 16:53:59 2017,2,0.421052631579
15550,rosebowl,18,38,Mon Jan  2 15:00:46 2017,3,0.473684210526
18539,natureboy,21,38,Wed Oct 25 15:59:09 2017,3,0.552631578947
10436,idecided,20,38,Thu Feb  2 15:13:10 2017,3,0.526315789474
17712,ncis,13,38,Tue Jan  3 17:01:12 2017,2,0.342105263158
11234,hcldr,4,38,Tue Jan  3 16:01:11 2017,2,0.105263157895
16751,crewsc,7,38,Sat Feb 18 15:19:34 2017,2,0.184210526316
14629,myoreocreation,22,38,Mon May  8 15:51:10 2017,3,0.578947368421
8870,wwhl,11,38,Wed Jan  4 17:01:36 2017,2,0.289473684211
6143,voiceresults,16,38,Tue Apr 25 15:45:58 2017,2,0.421052631579
15161,sproutchat,11,38,Wed Jan  4 19:01:38 2017,2,0.289473684211
12082,u2thejoshuatree2017,14,38,Mon Jan  9 15:03:34 2017,2,0.368421052632
14237,fourthofjuly2017,20,38,Mon Jul  3 15:13:33 2017,3,0.526315789474
11040,championsleague,8,38,Tue Feb 14 15:17:58 2017,2,0.210526315789
3306,trayvonmartin,11,38,Sun Feb  5 15:14:22 2017,2,0.289473684211
4723,nflsunday,7,38,Sun Sep 10 15:41:09 2017,2,0.184210526316
6578,franklin,17,37,Sun Aug  6 15:27:09 2017,3,0.459459459459
6592,betawards,22,37,Mon May 15 16:53:59 2017,3,0.594594594595
6562,hello2017,22,37,Sat Dec 31 17:00:00 2016,3,0.594594594595
10739,girlskissgirlsselfies,14,37,Sun Feb  5 19:14:26 2017,2,0.378378378378
157,paxeast2017,19,37,Sat Mar 11 15:27:58 2017,3,0.513513513514
9569,thursdaynightfootball,7,37,Thu Oct  5 15:51:09 2017,2,0.189189189189
5785,playersweekend,12,37,Wed Aug  9 16:28:22 2017,2,0.324324324324
7997,eccc2017,10,37,Thu Mar  2 15:24:22 2017,2,0.27027027027
17344,aliencovenant,4,37,Tue Feb 21 17:20:48 2017,2,0.108108108108
8347,flicker,20,37,Thu Sep 14 19:42:49 2017,3,0.540540540541
4896,fullmoon,18,37,Fri Jun  9 15:03:57 2017,3,0.486486486486
15813,marriagebootcamp,4,37,Fri Jan  6 16:02:23 2017,2,0.108108108108
16862,metvwonderwoman,7,37,Sat Jan  7 22:02:53 2017,2,0.189189189189
10192,transmilitaryban,17,37,Wed Jul 26 15:22:45 2017,3,0.459459459459
1226,dragoncon,20,37,Sat Sep  2 15:37:57 2017,3,0.540540540541
12348,complexcon,10,37,Thu Nov  2 15:02:20 2017,2,0.27027027027
4222,firstfriday,5,37,Fri Jul  7 16:15:10 2017,2,0.135135135135
4377,wweukct,17,36,Sat Jan 14 17:05:36 2017,3,0.472222222222
15985,thursdaythought,19,36,Thu Jan  5 15:01:58 2017,3,0.527777777778
13108,alexandria,21,36,Sun Apr  9 15:39:34 2017,3,0.583333333333
12944,tvfightslive,15,36,Tue Jan 31 15:12:22 2017,2,0.416666666667
19029,boomersooner,11,36,Wed May 31 15:00:21 2017,2,0.305555555556
13495,empirefox,19,36,Wed Mar 29 15:35:10 2017,3,0.527777777778
21127,shesgottahaveit,9,36,Thu Nov 23 15:10:44 2017,2,0.25
17210,tooclosetohome,15,36,Wed Jan  4 16:01:35 2017,2,0.416666666667
5524,nflcombine,17,36,Thu Mar  2 15:24:22 2017,3,0.472222222222
16349,kubball,20,36,Tue Jan  3 20:01:15 2017,3,0.555555555556
4114,spidermanhomecoming,13,36,Fri Mar 24 15:33:10 2017,2,0.361111111111
11584,thestrain,9,36,Sun Jul 16 15:18:45 2017,2,0.25
15686,shahsofsunset,3,36,Sun Jul 16 15:18:45 2017,2,0.0833333333333
7032,awnewyork,21,36,Mon Sep 25 15:47:09 2017,3,0.583333333333
3511,rtxaustin,17,36,Sat Jul  8 16:15:34 2017,3,0.472222222222
13261,puberme,17,36,Thu Sep 28 02:48:08 2017,3,0.472222222222
6058,taxcutsandjobsact,20,35,Mon Nov  6 15:03:56 2017,3,0.571428571429
9006,msbuild,19,35,Tue May  9 15:51:34 2017,3,0.542857142857
14997,superstarshakeup,17,35,Mon Apr 10 16:39:59 2017,3,0.485714285714
4972,flynn,16,35,Fri Feb 10 15:16:22 2017,3,0.457142857143
543,dellemcworld,20,35,Sun May  7 15:50:46 2017,3,0.571428571429
3377,probowl,15,35,Wed Jan 25 15:09:58 2017,2,0.428571428571
5192,eurovision,15,35,Tue May  9 15:51:34 2017,2,0.428571428571
405,lilacfire,20,35,Thu Dec  7 18:16:23 2017,3,0.571428571429
1303,demthrones,15,35,Sun Jul 16 15:18:45 2017,2,0.428571428571
1275,powerfinale,20,35,Sat Sep  2 15:37:57 2017,3,0.571428571429
12033,blogher17,20,35,Thu Jun 22 15:09:09 2017,3,0.571428571429
5341,npc17,20,35,Sat May  6 15:50:22 2017,3,0.571428571429
2327,tamarandvince,13,35,Thu Nov  9 15:05:08 2017,2,0.371428571429
9268,nomoore,19,35,Thu Nov  9 15:05:08 2017,3,0.542857142857
7823,newyearsday,19,35,Sat Dec 31 17:00:00 2016,3,0.542857142857
13319,ncisla,4,35,Sun Jan 29 15:11:34 2017,2,0.114285714286
1343,48hours,9,35,Sun Jan  8 00:02:55 2017,2,0.257142857143
13875,tellmeyouloveme,11,35,Tue Aug 22 15:33:33 2017,2,0.314285714286
17514,vidcon,8,35,Tue May 23 15:57:10 2017,2,0.228571428571
16306,glow,4,35,Mon May 15 16:53:59 2017,2,0.114285714286
422,thankyoutrump,17,34,Tue Jan 24 15:09:34 2017,3,0.5
13728,faceoff,10,34,Tue Jan 24 15:09:34 2017,2,0.294117647059
10743,charleenalyles,12,34,Sun Jun 18 21:07:39 2017,2,0.352941176471
1849,sweetsexysavage,20,34,Thu Jan 26 15:10:22 2017,3,0.588235294118
15375,lhhhollywood,14,34,Mon Jul 31 22:24:52 2017,2,0.411764705882
15942,signofthetimes,18,34,Fri Mar 31 15:35:58 2017,3,0.529411764706
10622,nomercy,10,34,Mon Aug 28 15:35:57 2017,2,0.294117647059
20033,foodnetworkstar,3,34,Sun Jun  4 17:01:59 2017,2,0.0882352941176
2729,gorgeous,12,34,Thu Oct 19 15:56:45 2017,2,0.352941176471
12811,nightshift,6,34,Thu Jun 22 15:09:09 2017,2,0.176470588235
7864,beatla,13,34,Fri Jan  6 15:02:22 2017,2,0.382352941176
1214,emeraldcity,13,34,Fri Jan  6 15:02:22 2017,2,0.382352941176
20221,ohedchat,5,34,Wed Jan  4 22:01:41 2017,2,0.147058823529
9833,blackinkcrewchi,9,34,Wed Jul 19 15:19:57 2017,2,0.264705882353
18763,logan,6,34,Thu Jan 19 16:07:35 2017,2,0.176470588235
18250,snowpocalypse2017,10,34,Fri Jan  6 15:02:22 2017,2,0.294117647059
11470,indians,8,34,Mon Apr  3 15:37:10 2017,2,0.235294117647
19320,joanneworldtour,11,34,Mon Feb  6 15:14:46 2017,2,0.323529411765
16334,paranormallockdown,11,34,Fri Jan  6 15:02:22 2017,2,0.323529411765
9790,nextchat,7,34,Wed Jan  4 19:01:38 2017,2,0.205882352941
9820,hellskitchen,11,34,Thu Jan  5 15:01:58 2017,2,0.323529411765
4308,nambia,17,34,Wed Sep 20 16:45:10 2017,3,0.5
4663,ravens,3,34,Mon Jun 12 15:05:09 2017,2,0.0882352941176
18118,fearthedeer,10,34,Sat Apr 15 15:41:58 2017,2,0.294117647059
12392,blackgayslay,14,33,Fri Feb 10 16:16:23 2017,2,0.424242424242
18852,canelochavezjr,11,33,Fri Feb  3 22:13:41 2017,2,0.333333333333
5146,thegoodplace,8,33,Thu Jan  5 15:01:58 2017,2,0.242424242424
19923,gimmesugar,18,33,Wed Jun 21 15:08:45 2017,3,0.545454545455
8933,starwarsthelasjedi,18,33,Thu Dec 14 17:19:10 2017,3,0.545454545455
7181,guncontolnow,14,33,Mon Oct  2 15:49:57 2017,2,0.424242424242
10015,nate,18,33,Wed Oct  4 15:50:45 2017,3,0.545454545455
11804,matchgame,13,33,Wed Jan  4 20:01:39 2017,2,0.393939393939
11785,freecyntoiabrown,15,33,Tue Nov 21 16:09:57 2017,3,0.454545454545
10558,irmarecovery,17,33,Wed Sep 13 15:42:21 2017,3,0.515151515152
10630,steelernation,13,33,Sun Jan  8 15:03:10 2017,2,0.393939393939
11426,womenshistorymonth,16,33,Wed Mar  1 15:23:58 2017,3,0.484848484848
10697,womensconvention,13,33,Thu Oct 12 15:53:57 2017,2,0.393939393939
10725,thegoldbergs,11,33,Wed Jan  4 21:01:40 2017,2,0.333333333333
9972,girlshbo,9,33,Mon Feb 13 15:17:34 2017,2,0.272727272727
7943,sxonfox,6,33,Sat Jan  7 15:02:46 2017,2,0.181818181818
3186,contentchat,13,33,Mon Jan  9 19:03:38 2017,2,0.393939393939
13496,psychthemovie,14,33,Fri Jul 21 15:20:45 2017,2,0.424242424242
15525,baonpdx,12,33,Sun Mar 26 16:33:59 2017,2,0.363636363636
21115,secmd17,19,33,Wed Jul  5 17:14:23 2017,3,0.575757575758
6200,lasvagasshooting,13,33,Tue Oct  3 15:50:21 2017,2,0.393939393939
5852,aaasmtg,19,33,Thu Feb 16 15:18:46 2017,3,0.575757575758
5960,g1usa,19,33,Sat Jul  1 15:12:45 2017,3,0.575757575758
16211,guhh,13,33,Thu Jul 20 15:20:21 2017,2,0.393939393939
19493,daytimedivas,10,33,Fri Jan 13 23:05:18 2017,2,0.30303030303
19527,atlorgy,17,33,Wed Mar  8 19:26:50 2017,3,0.515151515152
16240,nbaawards,16,33,Thu Apr 27 19:46:50 2017,3,0.484848484848
20038,rebelonbet,12,32,Tue Mar 28 15:34:46 2017,2,0.375
2138,ctrl,13,32,Wed May 24 17:57:36 2017,2,0.40625
10226,stadiumseries,16,32,Fri Feb 24 15:21:58 2017,3,0.5
17577,tmltalk,18,32,Thu Apr 13 15:41:10 2017,3,0.5625
5763,earnedhistory,17,32,Sun Oct 22 15:57:57 2017,3,0.53125
17333,60daysin,9,32,Thu Mar  2 15:24:22 2017,2,0.28125
12126,metvstartrek,5,32,Sat Jan  7 23:02:54 2017,2,0.15625
18638,killthebill,13,32,Fri Mar 24 15:33:10 2017,2,0.40625
10783,reinvent,17,32,Tue Nov 28 15:12:44 2017,3,0.53125
10434,dallascowboys,18,32,Tue Sep 26 15:47:33 2017,3,0.5625
14378,mlbdraft,12,32,Mon Jun 12 15:05:09 2017,2,0.375
6222,texasflood,10,32,Sun Aug 27 15:35:33 2017,2,0.3125
2983,dncforum,16,32,Sat Jan 14 16:05:35 2017,3,0.5
19046,30plusappreciation,18,32,Tue Jan 10 19:04:02 2017,3,0.5625
4574,barstoolrundown,13,32,Mon Jan 30 15:11:58 2017,2,0.40625
16826,hellchallenge,15,32,Wed Mar  8 17:26:48 2017,3,0.46875
12795,lions,8,32,Sun Aug 13 15:29:57 2017,2,0.25
8664,thezonecast,3,32,Thu Feb  9 15:15:58 2017,2,0.09375
20178,aclfest,11,32,Thu May  4 15:49:34 2017,2,0.34375
4596,rams,8,32,Fri Apr 28 15:47:10 2017,2,0.25
6932,thoughtsandprayers,4,32,Fri Jan  6 15:02:22 2017,2,0.125
10518,nycfc,11,32,Sun Mar 12 15:28:22 2017,2,0.34375
2241,nbaplayoffs,10,32,Wed Apr 12 15:40:46 2017,2,0.3125
19653,helpforhouston,14,31,Tue Aug 29 15:36:21 2017,3,0.451612903226
13476,tonyawards2017,15,31,Tue May  2 15:48:46 2017,3,0.483870967742
15071,thankiversary,13,31,Tue May 30 15:59:58 2017,2,0.41935483871
13759,politicon2017,13,31,Sat Jul 29 15:23:57 2017,2,0.41935483871
10401,wpial,3,31,Wed May 31 01:00:07 2017,2,0.0967741935484
13465,sweetiepies,10,31,Sun Jan  8 00:02:55 2017,2,0.322580645161
5924,thanksgivingweek,18,31,Mon Nov 20 15:09:32 2017,3,0.58064516129
4500,newsonenow,8,31,Thu Jan  5 15:01:58 2017,2,0.258064516129
14375,cmbb,14,31,Thu Mar 16 15:29:58 2017,3,0.451612903226
7511,mtvhottest,17,31,Sat Jul 22 15:21:09 2017,3,0.548387096774
10472,cindy,9,31,Mon Jun 19 15:07:57 2017,2,0.290322580645
9284,descendants2,15,31,Wed Apr 12 21:40:52 2017,3,0.483870967742
19435,camnewton,12,31,Wed Oct  4 19:50:49 2017,2,0.387096774194
15941,anavsnsh,11,31,Fri May 12 15:52:46 2017,2,0.354838709677
10900,ratheryouthanme,11,31,Wed Feb 15 15:18:22 2017,2,0.354838709677
7984,godblessamerica,0,31,Mon May 29 15:59:34 2017,2,0.0
13706,thedefiantones,15,31,Fri Jun 23 15:09:33 2017,3,0.483870967742
10902,breaking2,16,31,Thu May  4 15:49:34 2017,3,0.516129032258
17411,hopelessfountainkingdom,12,31,Thu Jun  1 15:00:45 2017,2,0.387096774194
5180,xxlfreshman,15,31,Mon Mar 27 16:34:23 2017,3,0.483870967742
5881,nerdcon,3,31,Sat Feb 25 16:22:23 2017,2,0.0967741935484
11227,gagafivefoottwo,13,31,Thu Aug 24 15:34:21 2017,2,0.41935483871
567,forcefriday,14,31,Thu Aug 31 15:37:09 2017,3,0.451612903226
16724,govballnyc,13,31,Wed Jan  4 17:01:36 2017,2,0.41935483871
8058,twitchcon,17,30,Tue May 30 15:59:58 2017,3,0.566666666667
116,creekfire,16,30,Tue Dec  5 15:15:32 2017,3,0.533333333333
13363,raydonovan,6,30,Sun Aug  6 15:27:09 2017,2,0.2
9651,attackontitan,14,30,Sun Apr 23 15:45:10 2017,3,0.466666666667
15797,altleft,14,30,Tue Aug 15 15:30:45 2017,3,0.466666666667
5977,cfapeachbowl,16,30,Sat Dec 31 17:00:00 2016,3,0.533333333333
1968,espn,7,30,Wed Aug 23 16:33:58 2017,2,0.233333333333
16657,asco17,17,30,Wed May 17 15:54:46 2017,3,0.566666666667
5650,thesinner,15,30,Wed Aug  2 15:25:33 2017,3,0.5
17303,totalbellas,9,30,Wed Sep  6 15:39:33 2017,2,0.3
9201,fuerzamexico,10,30,Fri Sep  8 15:40:21 2017,2,0.333333333333
6901,lustforlife,17,30,Wed Mar 29 15:35:10 2017,3,0.566666666667
13841,quantico,6,30,Mon Jan 23 15:09:10 2017,2,0.2
15290,xboxonex,4,30,Sun Aug 20 15:32:45 2017,2,0.133333333333
6913,worldbookday,17,30,Thu Mar  2 15:24:22 2017,3,0.566666666667
20662,wisfb,17,30,Fri Aug 18 15:31:57 2017,3,0.566666666667
17073,dockercon,17,30,Mon Apr 17 16:42:47 2017,3,0.566666666667
15266,americancrime,12,30,Tue Jan 10 15:03:58 2017,2,0.4
13779,pitmad,11,30,Thu Mar 23 15:32:46 2017,2,0.366666666667
17553,alllivesmatter,3,30,Sat Jan 28 15:11:10 2017,2,0.1
5041,moonlight,8,30,Mon Jan  9 15:03:34 2017,2,0.266666666667
10956,dirtydancing,15,30,Wed May 24 15:57:34 2017,3,0.5
21111,lafires,13,30,Wed Dec  6 15:15:56 2017,2,0.433333333333
11708,nba2k18,13,30,Mon May  8 15:51:10 2017,2,0.433333333333
2077,voiceknockouts,12,30,Mon Apr  3 15:37:10 2017,2,0.4
8694,praying,4,30,Thu Jul  6 15:14:45 2017,2,0.133333333333
19215,framingham,4,30,Tue Jan  3 16:01:11 2017,2,0.133333333333
13146,capspens,17,30,Wed Jan 11 15:04:22 2017,3,0.566666666667
18661,thelibrarians,11,30,Sat Dec 31 17:00:00 2016,2,0.366666666667
17820,thankful,17,30,Sat Jun  3 15:01:33 2017,3,0.566666666667
13494,sagawards,17,30,Sun Jan 29 15:11:34 2017,3,0.566666666667
14717,eaglecreekfire,7,30,Sun Sep  3 15:38:21 2017,2,0.233333333333
4211,rockhall2017,15,30,Fri Apr  7 15:38:46 2017,3,0.5
20740,armyselcaday,0,30,Mon Jan  2 15:00:46 2017,2,0.0
11696,fullerhouse,6,30,Mon Jun 26 15:10:45 2017,2,0.2
8841,roshhashanah,16,30,Wed Sep 20 15:45:09 2017,3,0.533333333333
3453,deathnote,7,30,Wed Mar 22 15:32:22 2017,2,0.233333333333
3816,nanowrimo,10,30,Wed Nov  1 15:01:56 2017,2,0.333333333333
17917,heartbreakonafullmoon,13,30,Mon Oct 30 15:01:08 2017,2,0.433333333333
9580,bachelorinpardise,4,29,Tue Aug 22 15:33:33 2017,2,0.137931034483
10348,daylightsavingtime,11,29,Sun Mar 12 15:28:22 2017,2,0.379310344828
19387,heretostay,5,29,Sat Jan 14 16:05:35 2017,2,0.172413793103
1521,inbrotherhood,13,29,Sat Jan 14 16:05:35 2017,2,0.448275862069
14221,bracket,10,29,Sun Mar 12 15:28:22 2017,2,0.344827586207
1222,wwemsg,7,29,Sun Mar 12 15:28:22 2017,2,0.241379310345
3767,gameday,12,29,Fri Aug 18 15:31:57 2017,2,0.413793103448
15466,ks04,16,29,Fri Feb 10 02:16:09 2017,3,0.551724137931
3651,nobannowallnoraids,12,29,Fri Feb 10 17:16:24 2017,2,0.413793103448
1322,ptxvol4,16,29,Fri Mar 17 15:30:22 2017,3,0.551724137931
14572,handmaidstale,8,29,Wed Apr 26 15:46:22 2017,2,0.275862068966
16895,romphim,17,29,Tue May 16 15:54:22 2017,3,0.586206896552
698,votemoose,13,29,Sun Jul  2 22:13:16 2017,2,0.448275862069
17009,greys300,15,29,Sun Nov  5 15:03:32 2017,3,0.51724137931
19825,renewtimeless,13,29,Mon Jan 30 15:11:58 2017,2,0.448275862069
12477,inviteonlycabo,11,29,Sun May 14 23:53:42 2017,2,0.379310344828
14000,oklahoma,6,29,Mon Jun  5 15:02:21 2017,2,0.206896551724
13880,vault7,10,29,Wed Mar  8 17:26:48 2017,2,0.344827586207
7608,napafire,10,29,Mon Oct  9 15:52:45 2017,2,0.344827586207
8212,thebachelorfinale,15,29,Mon Mar 13 15:28:46 2017,3,0.51724137931
15767,riotfest,7,29,Fri Sep 15 15:43:09 2017,2,0.241379310345
20765,loveislove,14,29,Wed May 17 15:54:46 2017,3,0.48275862069
10893,cnntownhall,9,29,Wed Mar  1 15:23:58 2017,2,0.310344827586
8124,mafs2c,12,29,Thu May  4 20:49:39 2017,2,0.413793103448
5817,twilightzonemarathon,8,29,Mon Jul  3 20:13:38 2017,2,0.275862068966
13250,turnamc,10,29,Sat Jun 17 15:07:09 2017,2,0.344827586207
13620,lgrw,10,29,Fri Jan  6 15:02:22 2017,2,0.344827586207
17593,dabears,9,29,Sun Sep 17 15:43:57 2017,2,0.310344827586
9596,atxtraffic,12,29,Mon Feb 20 16:20:23 2017,2,0.413793103448
563,trumpleaks,15,29,Mon May 15 18:54:01 2017,3,0.51724137931
13806,cyclonenation,7,29,Sat Feb  4 15:13:58 2017,2,0.241379310345
20933,whatisschool,12,29,Thu Jan 12 19:04:50 2017,2,0.413793103448
13721,nationalsigningday,11,28,Wed Feb  1 15:12:46 2017,2,0.392857142857
9109,ypsportschat,4,28,Wed Jan  4 01:01:20 2017,2,0.142857142857
13633,cpcldr,10,28,Fri May 26 16:58:23 2017,2,0.357142857143
9036,govols,6,28,Mon Sep  4 15:38:45 2017,2,0.214285714286
14624,p4kfest,1,28,Fri Jul 14 15:17:57 2017,2,0.0357142857143
15096,nebrasketball,8,28,Sat Dec 31 17:00:00 2016,2,0.285714285714
17430,gostars,3,28,Tue Jan 10 15:03:58 2017,2,0.107142857143
19513,standwithjemele,7,28,Wed Sep 13 15:42:21 2017,2,0.25
245,spellingbee,13,28,Wed May 31 15:00:21 2017,3,0.464285714286
917,wwegbof,14,28,Mon Jul  3 15:13:33 2017,3,0.5
4704,bhdogshow,10,28,Sun Apr 16 15:42:22 2017,2,0.357142857143
11893,downwarddog,12,28,Tue Jan 10 15:03:58 2017,2,0.428571428571
6599,insecrehbo,9,28,Mon Aug  7 15:27:33 2017,2,0.321428571429
9386,mufc,15,28,Sun Apr 16 15:42:22 2017,3,0.535714285714
16506,ballershbo,0,28,Mon Jul 24 15:21:57 2017,2,0.0
19978,stopsessions,13,28,Wed Jan  4 17:01:36 2017,3,0.464285714286
6032,laborday2017,11,28,Fri Sep  1 15:37:33 2017,2,0.392857142857
6430,kentuckyderby,14,28,Sat May  6 15:50:22 2017,3,0.5
13950,animalcrossingpocketcamp,13,28,Wed Oct 25 15:59:09 2017,3,0.464285714286
6965,readyforit,12,28,Sat Sep  2 21:38:03 2017,2,0.428571428571
4586,tcmff,10,28,Sat Apr  8 15:39:10 2017,2,0.357142857143
5074,outsiderswgn,2,28,Tue Jan 24 15:09:34 2017,2,0.0714285714286
6613,raiseit,8,28,Fri Apr  7 15:38:46 2017,2,0.285714285714
7528,rallycat,14,28,Tue Apr 11 23:40:30 2017,3,0.5
11394,beautyandbeast,13,28,Fri Mar 17 19:30:26 2017,3,0.464285714286
5266,ridicfridays,16,28,Fri Jan 20 16:07:59 2017,3,0.571428571429
9874,shameless,10,28,Sun Nov  5 15:03:32 2017,2,0.357142857143
8047,nordstrom,15,28,Thu Feb  2 15:13:10 2017,3,0.535714285714
14632,lastweektonight,5,28,Sun Feb 19 15:19:58 2017,2,0.178571428571
16286,handsoffmybc,11,28,Wed Apr 19 16:43:35 2017,2,0.392857142857
4937,ncaachampionship,12,28,Sun Apr  2 15:36:46 2017,2,0.428571428571
354,rockets,12,28,Sun Apr 16 15:42:22 2017,2,0.428571428571
11643,milo,9,28,Thu Feb  2 15:13:10 2017,2,0.321428571429
12434,disruptj20,15,28,Fri Jan 20 15:07:58 2017,3,0.535714285714
845,americangreatness,14,28,Sat Jul  1 16:12:46 2017,3,0.5
15619,mondaymorning,4,28,Mon Jan 23 15:09:10 2017,2,0.142857142857
18854,okwx,5,28,Fri Jan  6 15:02:22 2017,2,0.178571428571
14267,30for30,12,28,Thu Apr 13 15:41:10 2017,2,0.428571428571
13125,bruins,10,28,Wed Apr 12 15:40:46 2017,2,0.357142857143
18141,cowboys,8,27,Fri Apr 28 15:47:10 2017,2,0.296296296296
14303,bowwowchallenge,16,27,Wed May 10 15:51:58 2017,3,0.592592592593
10659,panthers,5,27,Wed Aug  9 16:28:22 2017,2,0.185185185185
3889,flyeagelsfly,3,27,Sun Sep 17 15:43:57 2017,2,0.111111111111
19980,obamasummit,11,27,Tue Oct 31 15:01:32 2017,2,0.407407407407
2701,rhoareunion,15,27,Sun Apr 16 15:42:22 2017,3,0.555555555556
11887,tmobiletuesdays,6,27,Tue Jan 24 15:09:34 2017,2,0.222222222222
3242,txlege,9,27,Tue Jan 10 15:03:58 2017,2,0.333333333333
13849,capsleafs,12,27,Tue Jan  3 22:01:17 2017,2,0.444444444444
17644,stlwx,2,27,Thu Jan  5 15:01:58 2017,2,0.0740740740741
15783,tompettyrip,14,27,Mon Oct  2 18:50:00 2017,3,0.518518518519
10785,harrystylesliveontour,11,27,Fri May  5 15:49:58 2017,2,0.407407407407
15514,marchonwashington,14,27,Sat Jan 21 15:08:22 2017,3,0.518518518519
21103,futurefriends,14,27,Thu Jun  8 18:03:36 2017,3,0.518518518519
7505,smallbusinessweek,11,27,Tue May  2 15:48:46 2017,2,0.407407407407
12823,ironfistŸê,11,27,Fri Mar 17 15:30:22 2017,2,0.407407407407
19037,freedomofthepress,15,27,Fri Feb 24 15:21:58 2017,3,0.555555555556
16798,londonbridge,16,27,Sat Jun  3 20:01:38 2017,3,0.592592592593
13254,abgt250,13,27,Fri Mar 17 15:30:22 2017,3,0.481481481481
16300,revival,16,27,Fri Nov 10 15:05:32 2017,3,0.592592592593
5207,preds,5,27,Mon Jul 17 15:19:09 2017,2,0.185185185185
4719,terrorism,4,27,Wed Mar 22 15:32:22 2017,2,0.148148148148
4533,beatshazam,12,27,Thu May 25 15:57:58 2017,2,0.444444444444
12387,stitcherschat,5,27,Mon Jun  5 23:02:29 2017,2,0.185185185185
8642,iahsbkb,10,27,Tue Jan  3 17:01:12 2017,2,0.37037037037
3661,katia,5,27,Tue Sep  5 17:39:11 2017,2,0.185185185185
17261,womensequalityday,16,27,Fri Aug 25 15:34:45 2017,3,0.592592592593
19941,thecatch,10,27,Tue Jan 10 15:03:58 2017,2,0.37037037037
6076,humble,14,27,Thu Mar 30 15:35:34 2017,3,0.518518518519
12301,antiquesroadshow,6,27,Mon Jan  2 15:00:46 2017,2,0.222222222222
10225,kwanzaa,11,27,Tue Dec 26 16:23:57 2017,2,0.407407407407
5540,pocahontas,12,27,Sat Feb 11 15:16:46 2017,2,0.444444444444
9966,geauxtigers,8,26,Sat Jun 10 15:04:21 2017,2,0.307692307692
8300,cavs,12,26,Wed May 17 15:54:46 2017,3,0.461538461538
16538,donaldtrumpjr,11,26,Mon Jul 10 16:16:22 2017,2,0.423076923077
20316,sciencemarch,12,26,Wed Jan 25 15:09:58 2017,3,0.461538461538
6657,supermarioodyssey,9,26,Thu Oct 26 15:59:33 2017,2,0.346153846154
232,sunrecords,8,26,Thu Feb 23 15:21:34 2017,2,0.307692307692
14055,mnwild,9,26,Mon Feb 27 15:23:10 2017,2,0.346153846154
15448,indigenouspeoplesday,10,26,Wed Aug 30 15:36:45 2017,2,0.384615384615
14459,totality,10,26,Mon Aug 21 15:33:09 2017,2,0.384615384615
20001,mom2summit,12,26,Mon May  8 15:51:10 2017,3,0.461538461538
5515,dosomethinggop,15,26,Wed Aug 16 15:31:09 2017,3,0.576923076923
19267,beltre3k,11,26,Mon Jul 24 15:21:57 2017,2,0.423076923077
19194,virginia,12,26,Tue Nov  7 15:04:20 2017,3,0.461538461538
18182,royals,6,26,Mon Apr  3 15:37:10 2017,2,0.230769230769
7755,pdxsnow,9,26,Wed Jan 11 15:04:22 2017,2,0.346153846154
11183,socialroi,10,26,Tue Jan 17 18:06:49 2017,2,0.384615384615
2771,gogrg,4,26,Wed Mar 29 18:35:13 2017,2,0.153846153846
16267,nsd17,14,26,Wed Jan 25 15:09:58 2017,3,0.538461538462
20686,digitaldruglord,14,26,Mon Mar 20 18:31:37 2017,3,0.538461538462
20438,lifeofkylie,11,26,Mon Apr 10 16:39:59 2017,2,0.423076923077
9674,lwymmdvideo,5,26,Sun Aug 27 15:35:33 2017,2,0.192307692308
1630,stillstarcrossed,9,26,Mon May 29 15:59:34 2017,2,0.346153846154
18399,lacatuta,14,26,Mon Feb 13 17:17:36 2017,3,0.538461538462
10039,crazyexgirlfriend,9,26,Fri Jan  6 15:02:22 2017,2,0.346153846154
20536,usavpan,13,26,Tue Mar 28 15:34:46 2017,3,0.5
15753,staronfox,9,26,Thu Sep 28 15:48:21 2017,2,0.346153846154
12750,tarheelnation,6,26,Thu Feb  9 15:15:58 2017,2,0.230769230769
15363,july4th2017,14,26,Tue Jul  4 15:13:57 2017,3,0.538461538462
2203,nebpreps,8,26,Thu Aug 24 15:34:21 2017,2,0.307692307692
3672,curbyourenthusiasm,13,26,Mon Jul 10 16:16:22 2017,3,0.5
14287,standforouranthem,10,26,Mon Sep 25 15:47:09 2017,2,0.384615384615
9097,twilightzone,12,26,Sat Dec 31 17:00:00 2016,3,0.461538461538
5095,adobemax,12,26,Wed Oct 18 15:56:21 2017,3,0.461538461538
13644,ausopen,14,26,Thu Jan 12 18:04:49 2017,3,0.538461538462
16353,rhobhreunion,13,26,Tue Apr 11 22:40:29 2017,3,0.5
11503,thankyouobamas,12,26,Fri Jan 20 15:07:58 2017,3,0.461538461538
942,jemelehill,11,26,Wed Sep 13 15:42:21 2017,2,0.423076923077
16375,issagaygirl,7,26,Thu Mar  2 15:24:22 2017,2,0.269230769231
5165,unbreakablekimmyschmidt,3,26,Mon Feb 13 15:17:34 2017,2,0.115384615385
16276,sallyyatesisapatriot,14,25,Sun May  7 21:50:52 2017,3,0.56
11521,cf97,3,25,Sat Mar  4 16:25:11 2017,2,0.12
3462,princeroycefive,9,25,Wed Jan  4 00:01:19 2017,2,0.36
16945,whitneyhouston,2,25,Sat Feb 11 15:16:46 2017,2,0.08
8202,lovein3words,13,25,Thu Feb 23 16:21:35 2017,3,0.52
6681,bostonmarathon,12,25,Mon Apr 17 16:42:47 2017,3,0.48
4873,gogators,8,25,Sat Mar 18 15:30:46 2017,2,0.32
6617,onepursuit,12,25,Mon Apr  3 15:37:10 2017,3,0.48
17026,catholicconvo,10,25,Sat Jul  1 15:12:45 2017,2,0.4
1726,slatespeak,4,25,Fri Jan  6 00:02:07 2017,2,0.16
1439,bullsnation,7,25,Tue Mar 21 15:31:58 2017,2,0.28
314,nomuslimbanever,7,25,Mon May  8 15:51:10 2017,2,0.28
5103,nightwatch,5,25,Thu Jan  5 15:01:58 2017,2,0.2
4854,playersonly,4,25,Mon Feb 27 22:23:17 2017,2,0.16
1573,backtoyou,10,25,Sat Jun 24 15:09:57 2017,2,0.4
2564,thepoint,3,25,Sun Mar  5 15:25:34 2017,2,0.12
10877,boycottnfl,11,25,Sun Feb  5 15:14:22 2017,2,0.44
5367,topchef,3,25,Thu Jan  5 15:01:58 2017,2,0.12
21005,fantasticfest,4,25,Tue Aug  8 15:27:57 2017,2,0.16
20868,lockhimup,9,25,Thu Mar 30 15:35:34 2017,2,0.36
14177,slimgirltwitter,13,25,Thu Mar 23 15:32:46 2017,3,0.52
17306,nbaonabc,5,25,Sat Jan 21 19:08:26 2017,2,0.2
19786,cthsfb,11,25,Fri Sep  8 15:40:21 2017,2,0.44
15340,ynwa,6,25,Sat Jan 28 15:11:10 2017,2,0.24
3834,fifthharmony,12,25,Mon Aug  7 15:27:33 2017,3,0.48
3459,itssocold,11,25,Thu Dec 28 15:24:44 2017,2,0.44
17618,hawkeyes,11,25,Sat Sep  2 15:37:57 2017,2,0.44
9997,thelastship,7,25,Sun Aug 20 15:32:45 2017,2,0.28
5762,am2dm,10,25,Mon Sep 25 15:47:09 2017,2,0.4
14883,flotus,7,25,Fri Jan  6 15:02:22 2017,2,0.28
15003,ash17,3,25,Fri Dec  8 15:16:44 2017,2,0.12
17219,tillerson,9,25,Wed Jan 11 15:04:22 2017,2,0.36
1102,voiceplayoffs,10,25,Mon Apr 17 16:42:47 2017,2,0.4
9987,dwtsfinale,13,25,Mon May 22 15:56:46 2017,3,0.52
8978,snfonnbc,5,25,Sun Jan  1 20:00:27 2017,2,0.2
16026,youngernow,12,25,Tue Aug  8 15:27:57 2017,3,0.48
13446,vagov,5,25,Tue Jun 13 15:05:33 2017,2,0.2
957,mytwitteranniversary,13,25,Wed May 31 21:00:27 2017,3,0.52
8318,stlverdict,10,25,Fri Sep 15 15:43:09 2017,2,0.4
20151,edtechafterdark,4,25,Mon Feb 20 21:20:28 2017,2,0.16
3543,recordstoreday,10,25,Tue Mar 21 15:31:58 2017,2,0.4
15216,nationaldayofprayer,11,25,Thu May  4 15:49:34 2017,2,0.44
9422,longhorns,8,25,Sat Sep  2 15:37:57 2017,2,0.32
13680,onechicago,14,25,Tue Jan  3 16:01:11 2017,3,0.56
7112,wasnow,12,25,Sun Feb  5 15:14:22 2017,3,0.48
3412,mst3k,9,25,Fri Apr 14 15:41:34 2017,2,0.36
13647,spiritawards,8,25,Sat Feb 25 16:22:23 2017,2,0.32
12255,mlsallstar,10,25,Tue Jan 31 18:12:25 2017,2,0.4
9993,wizceltics,7,25,Wed Jan 11 22:04:29 2017,2,0.28
8190,arsenal,12,25,Sun Jan 22 15:08:46 2017,3,0.48
3539,12monkeys,13,25,Thu Mar 16 15:29:58 2017,3,0.52
20654,portlandstabbing,7,25,Sat May 27 15:58:46 2017,2,0.28
10270,winterstormstella,7,24,Mon Mar 13 15:28:46 2017,2,0.291666666667
2884,dangerouswomantour,6,24,Fri Feb  3 15:13:34 2017,2,0.25
2901,mobileliving,13,24,Fri Jan  6 15:02:22 2017,3,0.541666666667
7393,hhn27,10,24,Wed Mar 29 15:35:10 2017,2,0.416666666667
1438,7yearsofonedirection,10,24,Sat Jul 22 15:21:09 2017,2,0.416666666667
2948,eredcarpet,12,24,Mon Jan  9 15:03:34 2017,3,0.5
1223,devos,12,24,Tue Jan 17 15:06:46 2017,3,0.5
6972,larams,9,24,Sun Oct 15 16:55:10 2017,2,0.375
3726,inhumans,11,24,Tue Feb 21 17:20:48 2017,3,0.458333333333
14208,naturalhairtwitter,11,24,Sat Mar 25 15:33:34 2017,3,0.458333333333
15988,ncslsummit,11,24,Sat Aug  5 15:26:45 2017,3,0.458333333333
4486,meat14,8,24,Sat Nov 11 15:05:56 2017,2,0.333333333333
5497,theu,5,24,Fri Sep 29 15:48:45 2017,2,0.208333333333
17738,knicks,11,24,Wed Jun 28 15:11:33 2017,3,0.458333333333
9219,pitvskc,11,24,Fri Jan 13 16:05:11 2017,3,0.458333333333
12313,hootchat,10,24,Thu Jan 12 18:04:49 2017,2,0.416666666667
13727,pulsenightclub,10,24,Sun Jun 11 15:04:45 2017,2,0.416666666667
70,newyearseve,8,24,Mon Jan  2 15:00:46 2017,2,0.333333333333
2662,notoriousbig,10,24,Wed Mar  8 17:26:48 2017,2,0.416666666667
8101,texaschurchmassacre,14,24,Mon Nov  6 15:03:56 2017,3,0.583333333333
16777,brightnetflix,13,24,Fri Dec 22 16:22:21 2017,3,0.541666666667
4826,darkmatter,10,24,Fri Apr  7 15:38:46 2017,2,0.416666666667
14911,blackoutday,11,24,Tue Jun  6 15:02:45 2017,3,0.458333333333
20187,brickyard400,12,24,Tue May 23 18:57:13 2017,3,0.5
16356,flipgridfever,7,24,Tue Mar 14 21:29:16 2017,2,0.291666666667
1771,haltandcatchfire,4,24,Sat Aug 19 15:32:21 2017,2,0.166666666667
17296,weekendupdate,11,24,Sun Jan 22 15:08:46 2017,3,0.458333333333
4848,ufc208,14,24,Fri Jan 13 22:05:17 2017,3,0.583333333333
3959,wbc17,6,24,Fri Nov 10 15:05:32 2017,2,0.25
3828,thedefenders,4,24,Thu Jan 12 16:04:47 2017,2,0.166666666667
2467,lssc,4,24,Wed Jan  4 23:01:42 2017,2,0.166666666667
19410,wynnonaearp,7,24,Sat Jun 10 15:04:21 2017,2,0.291666666667
6806,cnnleaks,14,24,Wed Feb 22 18:21:13 2017,3,0.583333333333
19822,fwd2017,10,24,Tue Aug  1 16:25:10 2017,2,0.416666666667
20130,terps,7,24,Tue Jan 10 15:03:58 2017,2,0.291666666667
11847,juneteenth,12,24,Sat Jun 17 15:07:09 2017,3,0.5
5142,chicagojustice,3,24,Wed Jan 18 15:07:10 2017,2,0.125
20077,bcra,9,24,Thu Jun 22 15:09:09 2017,2,0.375
1597,thegongshow,10,24,Thu Jun 22 15:09:09 2017,2,0.416666666667
8857,homerunderby,14,24,Mon Jul  3 15:13:33 2017,3,0.583333333333
9310,fresno,7,24,Tue Apr 18 15:43:10 2017,2,0.291666666667
16821,ballerwives,11,24,Mon Aug 14 15:30:21 2017,3,0.458333333333
16277,mktgnation,13,24,Mon Apr 24 15:45:34 2017,3,0.541666666667
8044,paxunplugged,2,24,Wed May  3 17:49:12 2017,2,0.0833333333333
13309,thankyouforyourservice,8,24,Mon May 29 15:59:34 2017,2,0.333333333333
1007,ncaawrestling,12,24,Thu Mar 16 15:29:58 2017,3,0.5
9662,teamscorpion,1,23,Tue Jan 17 15:06:46 2017,2,0.0434782608696
19495,frozenfour,10,23,Wed Apr  5 15:37:58 2017,2,0.434782608696
20464,clemson,10,23,Tue Jan 10 15:03:58 2017,2,0.434782608696
14345,naias,12,23,Sun Jan  8 15:03:10 2017,3,0.521739130435
14622,hunted,5,23,Sun Jan 22 15:08:46 2017,2,0.217391304348
7659,impracticaljokers,5,23,Thu Feb  9 15:15:58 2017,2,0.217391304348
11437,unsc,3,23,Tue Jan 31 15:12:22 2017,2,0.130434782609
20447,orangebowl,13,23,Sat Dec 31 17:00:00 2016,3,0.565217391304
7498,trlt,11,23,Tue Jan  3 17:01:12 2017,3,0.478260869565
19512,july4,12,23,Tue Jul  4 15:13:57 2017,3,0.521739130435
11383,happybirthdayamerica,8,23,Tue Jul  4 15:13:57 2017,2,0.347826086957
12065,johnkelly,10,23,Thu Oct 19 15:56:45 2017,2,0.434782608696
6731,mpc17,9,23,Tue May 30 15:59:58 2017,2,0.391304347826
12471,voteyourossoff,4,23,Tue Apr 18 15:43:10 2017,2,0.173913043478
638,titans,9,23,Fri Apr 28 15:47:10 2017,2,0.391304347826
21161,okcvsgsw,12,23,Wed Jan 18 15:07:10 2017,3,0.521739130435
5642,thebreaks,8,23,Mon Feb 20 18:20:25 2017,2,0.347826086957
18906,prayersfortexas,8,23,Sun Aug 27 15:35:33 2017,2,0.347826086957
20795,blackgirlsrock,10,23,Sat Aug  5 15:26:45 2017,2,0.434782608696
6895,chatsnap,9,23,Wed Jan  4 18:01:37 2017,2,0.391304347826
3461,trumpdossier,11,23,Tue Oct 24 15:58:45 2017,3,0.478260869565
10259,westminster,11,23,Mon Feb 13 15:17:34 2017,3,0.478260869565
21052,pitvsne,11,23,Sun Jan 22 15:08:46 2017,3,0.478260869565
20053,mlscup,12,23,Fri Dec  1 15:13:56 2017,3,0.521739130435
5503,britneyeverafter,12,23,Sat Feb 18 15:19:34 2017,3,0.521739130435
13327,fentyxpuma,6,23,Wed Apr 19 15:43:34 2017,2,0.260869565217
8882,survivorhhh,8,23,Wed Oct 11 15:53:33 2017,2,0.347826086957
18473,iubb,12,23,Tue Jul 11 15:16:45 2017,3,0.521739130435
13249,bloom,11,23,Thu Apr  6 15:38:22 2017,3,0.478260869565
2375,galacticnights,6,23,Fri Apr 14 15:41:34 2017,2,0.260869565217
8431,prayingforvegas,10,23,Mon Oct  2 15:49:57 2017,2,0.434782608696
8839,laxprotest,7,23,Sun Jan 29 15:11:34 2017,2,0.304347826087
2346,themessytruth,9,23,Wed Jan 11 15:04:22 2017,2,0.391304347826
17985,obamaday,12,23,Tue Jan 10 15:03:58 2017,3,0.521739130435
8466,steelers,11,23,Sun Nov 12 15:06:20 2017,3,0.478260869565
12610,xboxe3,10,23,Sun Jun 11 15:04:45 2017,2,0.434782608696
12657,gospursgo,11,23,Sat Feb 25 18:22:25 2017,3,0.478260869565
15428,ceo2017,5,23,Sat Jun 17 15:07:09 2017,2,0.217391304348
22,canes,7,23,Fri Sep 29 15:48:45 2017,2,0.304347826087
20720,patriotsnation,6,23,Thu Jul 27 15:23:09 2017,2,0.260869565217
5249,vegasshooting,5,23,Mon Oct  2 15:49:57 2017,2,0.217391304348
4366,stlcards,7,23,Sun Apr  2 15:36:46 2017,2,0.304347826087
13945,mtvfloribamashore,13,23,Mon Nov 27 19:12:24 2017,3,0.565217391304
16518,mafs,6,23,Thu May  4 15:49:34 2017,2,0.260869565217
18411,visiblewomen,6,23,Mon Aug  7 15:27:33 2017,2,0.260869565217
11938,ilovebeinglatina,4,23,Thu Feb 16 15:18:46 2017,2,0.173913043478
8012,cantstopwontstop,10,23,Mon Jun 26 15:10:45 2017,2,0.434782608696
4958,simplycomplicated,12,23,Tue Oct 10 15:53:09 2017,3,0.521739130435
9252,cboscore,12,23,Mon Mar 13 18:28:49 2017,3,0.521739130435
230,michaeljackson,10,23,Tue Aug 29 15:36:21 2017,2,0.434782608696
8061,afterirma,4,23,Mon Sep 11 15:41:33 2017,2,0.173913043478
5058,westminsterdogshow,4,23,Mon Feb 13 15:17:34 2017,2,0.173913043478
21158,pdxtraffic,2,23,Mon Jan 30 15:11:58 2017,2,0.0869565217391
13762,maythe4thbewithyou,13,23,Wed May  3 15:49:10 2017,3,0.565217391304
14105,christmaseve2017,10,23,Sun Dec 24 16:23:09 2017,2,0.434782608696
19346,oneamericaappeal,9,23,Thu Sep  7 21:40:03 2017,2,0.391304347826
20835,mrti,5,23,Sat Mar 11 15:27:58 2017,2,0.217391304348
14024,broadcity,6,23,Wed Sep 13 15:42:21 2017,2,0.260869565217
9899,bengals,4,23,Sun Aug 27 15:35:33 2017,2,0.173913043478
9884,celebapprentice,4,23,Mon Jan  2 15:00:46 2017,2,0.173913043478
17986,diehard,6,22,Sun Dec 24 16:23:09 2017,2,0.272727272727
4693,funfactfriday,4,22,Fri Jan  6 15:02:22 2017,2,0.181818181818
17818,thebest,5,22,Mon Jan  9 15:03:34 2017,2,0.227272727273
2333,happyfourth,7,22,Tue Jul  4 15:13:57 2017,2,0.318181818182
4523,dhatl17,2,22,Fri Jul 21 15:20:45 2017,2,0.0909090909091
11330,henriettalacks,8,22,Wed Apr  5 15:37:58 2017,2,0.363636363636
2861,votedougjones,9,22,Mon Dec 11 15:17:56 2017,2,0.409090909091
9710,cmtawards,13,22,Tue May  9 15:51:34 2017,3,0.590909090909
4720,shalieve,6,22,Thu Dec  7 15:16:20 2017,2,0.272727272727
14160,murica,0,22,Tue Jul  4 15:13:57 2017,2,0.0
14461,butler,9,22,Wed Jan  4 16:01:35 2017,2,0.409090909091
14471,missingdcgirls,8,22,Fri Mar 24 15:33:10 2017,2,0.363636363636
5235,pursuit,4,22,Mon Jan  2 15:00:46 2017,2,0.181818181818
8692,judgecuts,10,22,Tue Jul 18 15:19:33 2017,3,0.454545454545
8548,acms,13,22,Thu Feb 16 15:18:46 2017,3,0.590909090909
14120,chivsnsh,10,22,Sat Mar  4 17:25:12 2017,3,0.454545454545
11396,mariahcarey,11,22,Sat Dec 31 17:00:00 2016,3,0.5
9185,wjc2018,9,22,Tue Dec 26 16:23:57 2017,2,0.409090909091
19562,teamvalmani,1,22,Wed Mar  1 15:23:58 2017,2,0.0454545454545
13226,youdabaddest,7,22,Thu Jul 27 18:23:12 2017,2,0.318181818182
15777,thearrangement,3,22,Tue Jan 17 16:06:47 2017,2,0.136363636364
4085,newsiesforever,7,22,Thu Feb 16 15:18:46 2017,2,0.318181818182
16426,freecomicbookday,12,22,Sat May  6 15:50:22 2017,3,0.545454545455
17693,wrestlecircus,4,22,Sun Feb 19 19:20:02 2017,2,0.181818181818
2568,wwechamber,13,22,Sun Feb 12 15:17:10 2017,3,0.590909090909
14308,boycottkeurig,13,22,Sun Nov 12 15:06:20 2017,3,0.590909090909
14246,theexorcist,5,22,Fri May 12 15:52:46 2017,2,0.227272727273
6372,nationalpoetryday,7,22,Tue Mar 21 15:31:58 2017,2,0.318181818182
5783,nshvspit,10,22,Tue Jan 31 18:12:25 2017,3,0.454545454545
16465,sanbernardino,10,22,Mon Apr 10 16:39:59 2017,3,0.454545454545
5758,cokezero400,10,22,Thu Jun 29 16:11:58 2017,3,0.454545454545
2446,huskers,10,22,Sat Sep  2 15:37:57 2017,3,0.454545454545
8372,youretheworst,4,22,Wed Aug  9 17:28:23 2017,2,0.181818181818
9652,scandalabc,8,22,Thu Jan 26 15:10:22 2017,2,0.363636363636
20480,bola2017,11,22,Fri Sep  1 15:37:33 2017,3,0.5
7976,boxingday,13,22,Mon Dec 25 16:23:33 2017,3,0.590909090909
4748,atltraffic,6,22,Mon Jan 23 15:09:10 2017,2,0.272727272727
20249,reclaimingmytime,6,22,Fri Jul 28 15:23:33 2017,2,0.272727272727
13900,salvation,2,22,Wed Jul 12 15:17:09 2017,2,0.0909090909091
9192,actonclimate,7,22,Thu Jun  1 15:00:45 2017,2,0.318181818182